id,title,shorttitle,icon16x16,href,_blank,appid,itemtype,req_context_item_id,act_type
GE00,"Importar máximos, mínimos de productos por almacén",Importar,,/!/batch/taskman/GE/importar.maxmin/,0,inventario.maxmin,DET076,0,action
GE11,Agregar entrada de productos,Entrada,,/!/inventario/movimiento/_new/entrada/,0,inventario.movimiento,DET077,0,action
GE12,Agregar salida de productos,Salida,,/!/inventario/movimiento/_new/salida/,0,inventario.movimiento,DET077,0,action
GE13,Agregar traspaso de productos,Traspaso,,/!/inventario/movimiento/_new/traspaso/,0,inventario.movimiento,DET077,0,action
GE14,Ver cardex del producto,Cardex,,/!/inventario/cardex/@_src_context_item_id/,0,inventario.movimiento,DET077,1,action
GE15,Ver existencias del producto,Existencias,,/!/inventario/movimiento/@_src_context_item_id/existencias/,0,inventario.movimiento,DET077,1,action
GE16,Ver lotes o series del producto,Lote/Serie,,/!/inventario/movimiento/@_src_context_item_id/lote-serie/,0,inventario.movimiento,DET077,1,action
GE20,"Listar máximos, mínimos de productos por almacén",Listar,,/!/inventario/maxmin/,0,inventario.maxmin,DET076,0,action
GE21,"Crear máximos, mínimos de productos por almacén",Crear,,/!/inventario/maxmin/_new/,0,inventario.maxmin,DET076,0,action
GE31,Diario de almacén (Informe),Diario almacén,,/!/inventario/reports/diario-almacen/,0,inventario.reports,DET077,0,report
GE32,Movimiento (informe),Movimiento,,/!/inventario/reports/movimientos/,0,inventario.reports,DET077,0,report
GE33,Diario de productos (informe),Diario productos,,/!/inventario/reports/diario-productos/,0,inventario.reports,DET077,0,report
GE34,Niveles de existencias (informe),Ex. Niveles,,/!/inventario/reports/niveles-existencias/,0,inventario.reports,DET077,0,report
GE35,Historial de traspasos (informe),H. Traspasos,,/!/inventario/reports/historial-traspasos/,0,inventario.reports,DET077,0,report
GE36,Detalle de traspasos entre almacenes (informe),D. Traspasos,,/!/inventario/reports/dtraspasos-almacen/,0,inventario.reports,DET077,0,report
GE37,Existencias a una fecha (informe),Ex. Fecha,,/!/inventario/reports/existencias-fecha/,0,inventario.reports,DET077,0,report
GE38,Existencias por lotes (informe),Ex. Lotes,,/!/inventario/reports/existencias-lote/,0,inventario.reports,DET077,0,report
GE39,Caducidades (informe),Caducidades,,/!/inventario/reports/caducidades/,0,inventario.reports,DET077,0,report
GE3A,Series (informe),Series,,/!/inventario/reports/series/,0,inventario.reports,DET077,0,report
GE3B,Historial de número de series (informe),H. Series,,/!/inventario/reports/historial-series/,0,inventario.reports,DET077,0,report
GE3C,Valor del inventario (informe),V. Inventario,,/!/inventario/reports/valor-inventario/,0,inventario.reports,DET077,0,report
GE3D,Informe de exitencias debajo del mínimo o el punto de reorden,Existencias,,/!/inventario/reports/existencias/,0,inventario.reports,DET077,0,report
